{"asteroids": [{"diameter": 220, "top": 300, "left": 723, "dx": 2, "dy": 2}, {"diameter": 160, "top": 578, "left": 722, "dx": -1, "dy": -1}, {"diameter": 160, "top": 333, "left": 265, "dx": 3, "dy": -1}], "target_positions": [[1051, 65], [593, 722], [184, 417], [592, 64], [1154, 58], [473, 561], [685, 82], [1014, 249]], "powerup_list": [{"diameter": 32, "top": 169, "type": "shield", "left": 398}, {"duration": 0.5, "type": "none"}, {"diameter": 32, "top": 514, "type": "shield", "left": 940}, {"duration": 0.5, "type": "none"}, {"diameter": 32, "top": 33, "type": "shield", "left": 391}, {"duration": 0.5, "type": "none"}, {"diameter": 32, "top": 387, "type": "shield", "left": 595}, {"duration": 0.5, "type": "none"}, {"diameter": 32, "top": 147, "type": "shield", "left": 748}, {"duration": 0.5, "type": "none"}, {"diameter": 32, "top": 378, "type": "shield", "left": 948}, {"duration": 0.5, "type": "none"}, {"diameter": 32, "top": 129, "type": "shield", "left": 191}, {"duration": 0.5, "type": "none"}, {"diameter": 32, "top": 199, "type": "shield", "left": 908}, {"duration": 0.5, "type": "none"}, {"diameter": 32, "top": 668, "type": "shield", "left": 838}, {"duration": 0.5, "type": "none"}, {"diameter": 32, "top": 747, "type": "shield", "left": 926}, {"duration": 0.5, "type": "none"}]}