{"asteroids": [{"diameter": 220, "top": 247, "left": 577, "dx": -3, "dy": 1}, {"diameter": 210, "top": 311, "left": 491, "dx": 7, "dy": -3}, {"diameter": 160, "top": 358, "left": 85, "dx": 2, "dy": -1}], "target_positions": [[1001, 634], [385, 261], [915, 567], [435, 650], [1127, 578], [737, 307], [1177, 311], [735, 840]], "powerup_list": [{"diameter": 32, "top": 82, "type": "slow", "left": 154}, {"duration": 0.5, "type": "none"}, {"diameter": 32, "top": 65, "type": "slow", "left": 992}, {"duration": 0.5, "type": "none"}, {"diameter": 32, "top": 714, "type": "slow", "left": 414}, {"duration": 0.5, "type": "none"}, {"diameter": 32, "top": 627, "type": "slow", "left": 106}, {"duration": 0.5, "type": "none"}, {"diameter": 32, "top": 403, "type": "slow", "left": 643}, {"duration": 0.5, "type": "none"}, {"diameter": 32, "top": 188, "type": "slow", "left": 488}, {"duration": 0.5, "type": "none"}, {"diameter": 32, "top": 493, "type": "slow", "left": 885}, {"duration": 0.5, "type": "none"}, {"diameter": 32, "top": 847, "type": "slow", "left": 256}, {"duration": 0.5, "type": "none"}, {"diameter": 32, "top": 675, "type": "slow", "left": 179}, {"duration": 0.5, "type": "none"}, {"diameter": 32, "top": 406, "type": "slow", "left": 771}, {"duration": 0.5, "type": "none"}]}