{"asteroids": [{"diameter": 150, "top": 55, "left": 798, "dx": -5, "dy": 3}, {"diameter": 110, "top": 782, "left": 865, "dx": -8, "dy": 7}, {"diameter": 140, "top": 691, "left": 903, "dx": -2, "dy": -11}, {"diameter": 110, "top": 624, "left": 909, "dx": 11, "dy": -3}], "target_positions": [[548, 58], [526, 588], [958, 521], [1040, 657], [264, 599], [866, 261], [841, 688], [776, 273], [334, 221], [815, 839]], "powerup_list": [{"diameter": 32, "top": 822, "type": "slow", "left": 326}, {"duration": 2.0, "type": "none"}, {"diameter": 32, "top": 473, "type": "shield", "left": 1151}, {"duration": 2.0, "type": "none"}, {"diameter": 32, "top": 364, "type": "slow", "left": 967}, {"duration": 2.0, "type": "none"}, {"diameter": 32, "top": 350, "type": "shield", "left": 559}, {"duration": 2.0, "type": "none"}, {"diameter": 32, "top": 415, "type": "shield", "left": 58}, {"duration": 2.0, "type": "none"}, {"diameter": 32, "top": 490, "type": "shield", "left": 333}, {"duration": 2.0, "type": "none"}, {"diameter": 32, "top": 212, "type": "slow", "left": 514}, {"duration": 2.0, "type": "none"}, {"diameter": 32, "top": 705, "type": "slow", "left": 828}, {"duration": 2.0, "type": "none"}, {"diameter": 32, "top": 733, "type": "shield", "left": 1156}, {"duration": 2.0, "type": "none"}, {"diameter": 32, "top": 534, "type": "slow", "left": 637}, {"duration": 2.0, "type": "none"}]}