{"asteroids": [{"diameter": 220, "top": 300, "left": 723, "dx": 2, "dy": 2}, {"diameter": 160, "top": 578, "left": 722, "dx": -1, "dy": -1}], "target_positions": [[1051, 65], [593, 722], [184, 417], [592, 64], [1154, 58], [473, 561], [685, 82], [1014, 249]], "powerup_list": [{"diameter": 32, "top": 107, "type": "shield", "left": 260}, {"duration": 0.5, "type": "none"}, {"diameter": 32, "top": 80, "type": "shield", "left": 25}, {"duration": 0.5, "type": "none"}, {"diameter": 32, "top": 205, "type": "shield", "left": 565}, {"duration": 0.5, "type": "none"}, {"diameter": 32, "top": 423, "type": "shield", "left": 244}, {"duration": 0.5, "type": "none"}, {"diameter": 32, "top": 851, "type": "shield", "left": 743}, {"duration": 0.5, "type": "none"}, {"diameter": 32, "top": 114, "type": "shield", "left": 48}, {"duration": 0.5, "type": "none"}, {"diameter": 32, "top": 30, "type": "shield", "left": 559}, {"duration": 0.5, "type": "none"}, {"diameter": 32, "top": 573, "type": "shield", "left": 213}, {"duration": 0.5, "type": "none"}, {"diameter": 32, "top": 661, "type": "shield", "left": 546}, {"duration": 0.5, "type": "none"}, {"diameter": 32, "top": 801, "type": "shield", "left": 186}, {"duration": 0.5, "type": "none"}]}