{"asteroids": [{"diameter": 220, "top": 198, "left": 82, "dx": 7, "dy": 5}, {"diameter": 130, "top": 556, "left": 543, "dx": -5, "dy": -5}, {"diameter": 80, "top": 371, "left": 898, "dx": -3, "dy": 4}, {"diameter": 160, "top": 726, "left": 235, "dx": 5, "dy": 2}, {"diameter": 70, "top": 716, "left": 87, "dx": 3, "dy": 2}, {"diameter": 220, "top": 549, "left": 503, "dx": 2, "dy": -1}, {"diameter": 210, "top": 201, "left": 501, "dx": -2, "dy": 5}, {"diameter": 100, "top": 209, "left": 319, "dx": 4, "dy": -3}], "target_positions": [[396, 84], [1019, 142], [426, 444], [890, 367], [411, 1], [1224, 832], [160, 112], [285, 163], [215, 77], [526, 12]], "powerup_list": [{"diameter": 32, "top": 407, "type": "slow", "left": 802}, {"duration": 2.0, "type": "none"}, {"diameter": 32, "top": 329, "type": "slow", "left": 1144}, {"duration": 2.0, "type": "none"}, {"diameter": 32, "top": 789, "type": "slow", "left": 781}, {"duration": 2.0, "type": "none"}, {"diameter": 32, "top": 551, "type": "shield", "left": 1063}, {"duration": 2.0, "type": "none"}, {"diameter": 32, "top": 848, "type": "slow", "left": 1046}, {"duration": 2.0, "type": "none"}, {"diameter": 32, "top": 635, "type": "shield", "left": 807}, {"duration": 2.0, "type": "none"}, {"diameter": 32, "top": 336, "type": "shield", "left": 591}, {"duration": 2.0, "type": "none"}, {"diameter": 32, "top": 624, "type": "slow", "left": 1240}, {"duration": 2.0, "type": "none"}, {"diameter": 32, "top": 654, "type": "shield", "left": 526}, {"duration": 2.0, "type": "none"}, {"diameter": 32, "top": 647, "type": "shield", "left": 340}, {"duration": 2.0, "type": "none"}]}