{"asteroids": [{"diameter": 160, "top": 578, "left": 722, "dx": -3, "dy": -4}, {"diameter": 160, "top": 333, "left": 265, "dx": 11, "dy": -1}, {"diameter": 160, "top": 231, "left": 43, "dx": -8, "dy": -13}, {"diameter": 200, "top": 462, "left": 820, "dx": -9, "dy": 1}, {"diameter": 170, "top": 167, "left": 886, "dx": -4, "dy": -4}], "target_positions": [[1051, 65], [593, 722], [184, 417], [592, 64], [1154, 58], [473, 561], [685, 82], [1014, 249], [787, 34], [351, 286], [56, 386], [554, 589]], "powerup_list": [{"diameter": 32, "top": 668, "type": "shield", "left": 838}, {"duration": 0.5, "type": "none"}, {"diameter": 32, "top": 747, "type": "shield", "left": 926}, {"duration": 0.5, "type": "none"}, {"diameter": 32, "top": 479, "type": "shield", "left": 502}, {"duration": 0.5, "type": "none"}, {"diameter": 32, "top": 72, "type": "shield", "left": 236}, {"duration": 0.5, "type": "none"}, {"diameter": 32, "top": 132, "type": "shield", "left": 96}, {"duration": 0.5, "type": "none"}, {"diameter": 32, "top": 691, "type": "shield", "left": 374}, {"duration": 0.5, "type": "none"}, {"diameter": 32, "top": 29, "type": "shield", "left": 56}, {"duration": 0.5, "type": "none"}, {"diameter": 32, "top": 704, "type": "shield", "left": 391}, {"duration": 0.5, "type": "none"}, {"diameter": 32, "top": 37, "type": "shield", "left": 427}, {"duration": 0.5, "type": "none"}, {"diameter": 32, "top": 104, "type": "shield", "left": 394}, {"duration": 0.5, "type": "none"}]}