{"asteroids": [{"diameter": 120, "top": 621, "left": 801, "dx": -2, "dy": 3}, {"diameter": 140, "top": 125, "left": 660, "dx": -1, "dy": 5}, {"diameter": 110, "top": 213, "left": 916, "dx": -3, "dy": -1}, {"diameter": 110, "top": 355, "left": 476, "dx": 3, "dy": -6}], "target_positions": [[1246, 369], [2, 778], [626, 331], [1227, 400], [1167, 208], [983, 546], [704, 565], [1178, 753], [869, 457], [458, 101]], "powerup_list": [{"diameter": 32, "top": 473, "type": "slow", "left": 657}, {"duration": 2.0, "type": "none"}, {"diameter": 32, "top": 444, "type": "slow", "left": 291}, {"duration": 2.0, "type": "none"}, {"diameter": 32, "top": 117, "type": "shield", "left": 219}, {"duration": 2.0, "type": "none"}, {"diameter": 32, "top": 540, "type": "shield", "left": 455}, {"duration": 2.0, "type": "none"}, {"diameter": 32, "top": 726, "type": "shield", "left": 307}, {"duration": 2.0, "type": "none"}, {"diameter": 32, "top": 852, "type": "slow", "left": 808}, {"duration": 2.0, "type": "none"}, {"diameter": 32, "top": 617, "type": "slow", "left": 1241}, {"duration": 2.0, "type": "none"}, {"diameter": 32, "top": 660, "type": "shield", "left": 271}, {"duration": 2.0, "type": "none"}, {"diameter": 32, "top": 93, "type": "slow", "left": 585}, {"duration": 2.0, "type": "none"}, {"diameter": 32, "top": 728, "type": "slow", "left": 1078}, {"duration": 2.0, "type": "none"}]}