{"asteroids": [{"diameter": 210, "top": 629, "left": 181, "dx": -7, "dy": -7}, {"diameter": 220, "top": 627, "left": 876, "dx": 7, "dy": -4}], "target_positions": [[1225, 532], [298, 598], [1014, 208], [349, 513], [769, 736], [361, 214], [880, 793], [62, 512], [1124, 730], [1206, 685]], "powerup_list": [{"diameter": 32, "top": 537, "type": "slow", "left": 351}, {"duration": 0.5, "type": "none"}, {"diameter": 32, "top": 650, "type": "slow", "left": 980}, {"duration": 0.5, "type": "none"}, {"diameter": 32, "top": 488, "type": "slow", "left": 19}, {"duration": 0.5, "type": "none"}, {"diameter": 32, "top": 781, "type": "slow", "left": 538}, {"duration": 0.5, "type": "none"}, {"diameter": 32, "top": 843, "type": "slow", "left": 101}, {"duration": 0.5, "type": "none"}, {"diameter": 32, "top": 184, "type": "slow", "left": 1150}, {"duration": 0.5, "type": "none"}, {"diameter": 32, "top": 417, "type": "slow", "left": 1101}, {"duration": 0.5, "type": "none"}, {"diameter": 32, "top": 852, "type": "slow", "left": 877}, {"duration": 0.5, "type": "none"}, {"diameter": 32, "top": 576, "type": "slow", "left": 991}, {"duration": 0.5, "type": "none"}, {"diameter": 32, "top": 359, "type": "slow", "left": 222}, {"duration": 0.5, "type": "none"}]}