{"asteroids": [{"diameter": 80, "top": 584, "left": 787, "dx": 5, "dy": 3}, {"diameter": 80, "top": 352, "left": 261, "dx": -2, "dy": -2}, {"diameter": 110, "top": 552, "left": 437, "dx": -5, "dy": 4}, {"diameter": 70, "top": 646, "left": 82, "dx": -2, "dy": -1}, {"diameter": 60, "top": 518, "left": 722, "dx": 3, "dy": -6}, {"diameter": 80, "top": 374, "left": 663, "dx": 5, "dy": 5}], "target_positions": [[102, 245], [862, 419], [896, 528], [752, 300], [67, 589], [503, 687], [844, 394], [840, 725], [812, 593], [21, 272]], "powerup_list": [{"diameter": 32, "top": 728, "type": "shield", "left": 1225}, {"duration": 2.0, "type": "none"}, {"diameter": 32, "top": 704, "type": "slow", "left": 1139}, {"duration": 2.0, "type": "none"}, {"diameter": 32, "top": 27, "type": "shield", "left": 316}, {"duration": 2.0, "type": "none"}, {"diameter": 32, "top": 740, "type": "shield", "left": 377}, {"duration": 2.0, "type": "none"}, {"diameter": 32, "top": 165, "type": "slow", "left": 561}, {"duration": 2.0, "type": "none"}, {"diameter": 32, "top": 463, "type": "slow", "left": 671}, {"duration": 2.0, "type": "none"}, {"diameter": 32, "top": 623, "type": "slow", "left": 951}, {"duration": 2.0, "type": "none"}, {"diameter": 32, "top": 52, "type": "shield", "left": 866}, {"duration": 2.0, "type": "none"}, {"diameter": 32, "top": 188, "type": "shield", "left": 1154}, {"duration": 2.0, "type": "none"}, {"diameter": 32, "top": 382, "type": "shield", "left": 695}, {"duration": 2.0, "type": "none"}]}